{
  "DummyClassifier": {
    "accuracy": 0.7373333333333333,
    "f1": 0.0,
    "roc_auc": null
  },
  "LogisticRegression": {
    "accuracy": 0.8162222222222222,
    "f1": 0.5717244950802693,
    "roc_auc": 0.8008904412072182
  },
  "DecisionTree": {
    "accuracy": 0.8322222222222222,
    "f1": 0.6535107847636531,
    "roc_auc": 0.8397019691596572
  },
  "RandomForest": {
    "accuracy": 0.8777777777777778,
    "f1": 0.7167868177136972,
    "roc_auc": 0.9212486575302227
  },
  "GradientBoosting": {
    "accuracy": 0.8957777777777778,
    "f1": 0.7784600850259802,
    "roc_auc": 0.9221071752396046
  }
}